Ensembl ID;genes;Phase
ENSG00000141338;ABCA8;S
ENSG00000122971;ACADS;G2M
ENSG00000134575;ACP2;G2M
ENSG00000102575;ACP5;G1
ENSG00000151726;ACSL1;S+G2M
ENSG00000169717;ACTRT2;G1
ENSG00000140955;ADAD2;G2M
ENSG00000168594;ADAM29;G2M
ENSG00000129467;ADCY4;G1
ENSG00000121281;ADCY7;G2M
ENSG00000155897;ADCY8;G1
ENSG00000153531;ADPRHL1;G2M
ENSG00000173020;ADRBK1;G2M
ENSG00000139154;AEBP2;G2M
ENSG00000169129;AFAP1L2;G1
ENSG00000084693;AGBL5;G1
ENSG00000158669;AGPAT6;G1
ENSG00000113492;AGXT2;G1
ENSG00000147853;AK3;G1
ENSG00000198074;AKR1B10;G2M
ENSG00000151632;AKR1C2;S+G2M
ENSG00000162482;AKR7A3;G2M
ENSG00000132746;ALDH3B2;G2M
ENSG00000239382;ALKBH6;G2M
ENSG00000163283;ALPP;G2M
ENSG00000003393;ALS2;G2M
ENSG00000178038;ALS2CL;G2M
ENSG00000176248;ANAPC2;S
ENSG00000144504;ANKMY1;G2M
ENSG00000163516;ANKZF1;G1
ENSG00000011426;ANLN;G2M
ENSG00000164111;ANXA5;G2M
ENSG00000103723;AP3B2;G2M
ENSG00000115266;APC2;G2M
ENSG00000117362;APH1A;G2M
ENSG00000166181;API5;G2M
ENSG00000128394;APOBEC3F;G2M
ENSG00000130208;APOC1;G2M
ENSG00000234906;APOC2;G2M
ENSG00000100342;APOL1;G2M
ENSG00000198931;APRT;G1
ENSG00000171885;AQP4;G2M
ENSG00000101199;ARFGAP1;S
ENSG00000149182;ARFGAP2;G2M
ENSG00000138639;ARHGAP24;G2M
ENSG00000006740;ARHGAP44;G2M
ENSG00000165801;ARHGEF40;G2M
ENSG00000102606;ARHGEF7;G2M
ENSG00000175414;10,00 ARL;G2M
ENSG00000128989;ARPP19;G1
ENSG00000140450;ARRDC4;G2M
ENSG00000141337;ARSG;G2M
ENSG00000004848;ARX;G2M
ENSG00000108684;ASIC2;G2M
ENSG00000213199;ASIC3;G1
ENSG00000198356;ASNA1;G1
ENSG00000108381;ASPA;G2M
ENSG00000197548;ATG7;G1
ENSG00000177556;ATOX1;G2M
ENSG00000163399;ATP1A1;G1
ENSG00000129244;ATP1B2;G1
ENSG00000186009;ATP4B;G2M
ENSG00000205464;ATP6AP1L;G1
ENSG00000147416;ATP6V1B2;G1
ENSG00000178999;AURKB;G2M
ENSG00000166148;AVPR1A;G1
ENSG00000141577;AZI1;S+G2M
ENSG00000174684;B3GNT1;G1
ENSG00000175866;BAIAP2;G2M
ENSG00000007516;BAIAP3;G2M
ENSG00000138376;BARD1;G2M
ENSG00000105327;BBC3;G1
ENSG00000187244;BCAM;G2M
ENSG00000075790;BCAP29;S
ENSG00000107949;BCCIP;S+G2M
ENSG00000127152;BCL11B;G1
ENSG00000069399;BCL3;S
ENSG00000089685;BIRC5;G2M
ENSG00000125378;BMP4;G2M
ENSG00000124508;BTN2A2;G1
ENSG00000169679;BUB1;G1
ENSG00000082153;BZW1;S
ENSG00000176029;C11orf16;G2M
ENSG00000134548;C12orf39;G2M
ENSG00000156411;C14orf2;G2M
ENSG00000161992;C16orf11;G2M
ENSG00000141219;C17orf80;G2M
ENSG00000187997;C17orf99;S
ENSG00000104979;C19orf53;G2M
ENSG00000178965;C1orf173;G2M
ENSG00000125462;C1orf61;G2M
ENSG00000173918;C1QTNF1;S+G2M
ENSG00000174928;C3orf33;G2M
ENSG00000164123;C4orf45;G2M
ENSG00000197603;C5orf42;G1
ENSG00000178722;C5orf64;G1
ENSG00000175600;C7orf10;G2M
ENSG00000164645;C7orf62;G2M
ENSG00000241852;C8orf58;G2M
ENSG00000180539;C9orf139;G2M
ENSG00000197768;C9orf173;G2M
ENSG00000185015;CA13;G2M
ENSG00000118298;CA14;G1
ENSG00000164879;CA3;G2M
ENSG00000167434;CA4;G2M
ENSG00000135932;CAB39;G2M
ENSG00000154040;CABYR;G2M
ENSG00000141837;CACNA1A;G1
ENSG00000196557;CACNA1H;G2M
ENSG00000166862;CACNG2;G1
ENSG00000108509;CAMTA2;G2M
ENSG00000131236;CAP1;G2M
ENSG00000064012;CASP8;G1
ENSG00000183741;CBX6;G2M
ENSG00000171097;CCBL1;S
ENSG00000176476;CCDC101;G2M
ENSG00000147144;CCDC120;G2M
ENSG00000104957;CCDC130;G2M
ENSG00000198003;CCDC151;G2M
ENSG00000172156;CCL11;G2M
ENSG00000181374;CCL13;G2M
ENSG00000115009;CCL20;G2M
ENSG00000112237;CCNC;G1
ENSG00000112576;CCND3;G1
ENSG00000163249;CCNYL1;G1
ENSG00000146574;CCZ1B;G2M
ENSG00000139193;CD27;G2M
ENSG00000169217;CD2BP2;S
ENSG00000130177;CDC16;S
ENSG00000094880;CDC23;S
ENSG00000101224;CDC25B;G2M
ENSG00000168438;CDC40;G2M
ENSG00000096401;CDC5L;G2M
ENSG00000094804;CDC6;S
ENSG00000111665;CDCA3;G2M
ENSG00000170779;CDCA4;G2M
ENSG00000146670;CDCA5;G2M
ENSG00000134690;CDCA8;G2M
ENSG00000128536;CDHR3;G2M
ENSG00000170312;CDK1;G2M
ENSG00000167258;CDK12;G2M
ENSG00000117266;CDK18;G2M
ENSG00000123374;CDK2;G2M
ENSG00000138769;CDKL2;G2M
ENSG00000124762;CDKN1A;G2M
ENSG00000111276;CDKN1B;G2M
ENSG00000147883;CDKN2B;G2M
ENSG00000129355;CDKN2D;G1
ENSG00000100526;CDKN3;G2M
ENSG00000167513;CDT1;S
ENSG00000113722;CDX1;G2M
ENSG00000165556;CDX2;G2M
ENSG00000172216;CEBPB;G1
ENSG00000143702;CEP170;G2M
ENSG00000138180;CEP55;G1
ENSG00000198848;CES1;G2M
ENSG00000003402;CFLAR;G2M
ENSG00000167670;CHAF1A;S+G2M
ENSG00000254505;CHMP4A;G2M
ENSG00000176108;CHMP6;G2M
ENSG00000181072;CHRM2;G2M
ENSG00000133019;CHRM3;G1
ENSG00000184984;CHRM5;G2M
ENSG00000115526;CHST10;G1
ENSG00000131873;CHSY1;G2M
ENSG00000114737;CISH;G1
ENSG00000164442;CITED2;G2M
ENSG00000188037;CLCN1;G2M
ENSG00000150048;CLEC1A;G1
ENSG00000110852;CLEC2B;G2M
ENSG00000169504;CLIC4;G2M
ENSG00000013441;CLK1;G1
ENSG00000174600;CMKLR1;G2M
ENSG00000183723;CMTM4;G1
ENSG00000205423;CNEP1R1;G2M
ENSG00000112280;COL9A1;G2M
ENSG00000148444;COMMD3;G2M
ENSG00000168090;COPS6;G2M
ENSG00000163626;COX18;G2M
ENSG00000131055;COX4I2;S+G2M
ENSG00000111775;COX6A1;G2M
ENSG00000156885;COX6A2;G1
ENSG00000127054;CPSF3L;G2M
ENSG00000110090;CPT1A;G2M
ENSG00000072832;CRMP1;G1
ENSG00000100122;CRYBB1;G2M
ENSG00000100053;CRYBB3;G2M
ENSG00000163599;CTLA4;G1
ENSG00000132792;CTNNBL1;S
ENSG00000143387;CTSK;G1
ENSG00000178531;CTXN1;G2M
ENSG00000055130;CUL1;G2M
ENSG00000108094;CUL2;G1
ENSG00000166266;CUL5;G2M
ENSG00000168329;CX3CR1;G2M
ENSG00000186810;CXCR3;G1
ENSG00000174151;CYB561D1;G2M
ENSG00000140505;CYP1A2;G2M
ENSG00000111012;CYP27B1;G1
ENSG00000197446;CYP2F1;G2M
ENSG00000164488;DACT2;G2M
ENSG00000129562;DAD1;S
ENSG00000134780;DAGLA;G2M
ENSG00000118655;DCLRE1B;G1
ENSG00000175203;DCTN2;G1
ENSG00000167986;DDB1;G2M
ENSG00000157349;DDX19B;G1
ENSG00000123064;DDX54;G2M
ENSG00000162777;DENND2D;G2M
ENSG00000105339;DENND3;G1
ENSG00000100056;DGCR14;G2M
ENSG00000065357;DGKA;G1
ENSG00000102967;DHODH;G2M
ENSG00000132153;DHX30;G1
ENSG00000211452;DIO1;G2M
ENSG00000162946;DISC1;G1
ENSG00000105880;DLX5;G2M
ENSG00000176399;DMRTA1;S+G2M
ENSG00000154099;DNAAF1;G2M
ENSG00000122735;DNAI1;G2M
ENSG00000135924;DNAJB2;G2M
ENSG00000205981;DNAJC19;G2M
ENSG00000107554;DNMBP;G1
ENSG00000254986;DPP3;G2M
ENSG00000143507;DUSP10;G2M
ENSG00000158716;DUSP23;S+G2M
ENSG00000130829;DUSP9;G2M
ENSG00000161202;DVL3;G2M
ENSG00000168589;DYNLRB2;G2M
ENSG00000256061;DYX1C1;G1
ENSG00000147654;EBAG9;G2M
ENSG00000167658;EEF2;S
ENSG00000172771;EFCAB12;G2M
ENSG00000114654;EFCC1;G2M
ENSG00000013016;EHD3;G2M
ENSG00000086232;EIF2AK1;G2M
ENSG00000184110;EIF3C;G2M
ENSG00000075151;EIF4G3;G1
ENSG00000100664;EIF5;S
ENSG00000149499;EML3;G2M
ENSG00000165521;EML5;G1
ENSG00000127507;EMR2;G1
ENSG00000124074;ENKD1;G2M
ENSG00000182156;ENPP7;G2M
ENSG00000120616;EPC1;G2M
ENSG00000133216;EPHB2;G2M
ENSG00000049283;EPN3;G2M
ENSG00000198758;EPS8L3;G1
ENSG00000023318;ERP44;G1
ENSG00000149564;ESAM;G2M
ENSG00000135476;ESPL1;G2M
ENSG00000091831;ESR1;G1
ENSG00000103067;ESRP2;G2M
ENSG00000117868;ESYT2;G1
ENSG00000105379;ETFB;G2M
ENSG00000105672;ETV2;G2M
ENSG00000142694;EVA1B;G2M
ENSG00000182944;EWSR1;G2M
ENSG00000104313;EYA1;G1
ENSG00000197932;F8A1;G2M
ENSG00000103876;FAH;G1
ENSG00000150510;FAM124A;G2M
ENSG00000175182;FAM131A;G2M
ENSG00000150756;FAM173B;G1
ENSG00000165660;FAM175B;G2M
ENSG00000168754;FAM178B;G2M
ENSG00000164970;FAM219A;G2M
ENSG00000111913;FAM65B;G2M
ENSG00000153347;FAM81B;G2M
ENSG00000105523;FAM83E;G2M
ENSG00000188343;FAM92A1;G2M
ENSG00000149806;FAU;G1
ENSG00000127585;FBXL16;G2M
ENSG00000153558;FBXL2;G2M
ENSG00000165355;FBXO33;G2M
ENSG00000112029;FBXO5;G2M
ENSG00000163518;FCRL4;G1
ENSG00000126266;FFAR1;G2M
ENSG00000070388;FGF22;G2M
ENSG00000137440;FGFBP1;G1
ENSG00000160867;FGFR4;G1
ENSG00000000938;FGR;G2M
ENSG00000115641;FHL2;G1
ENSG00000130720;FIBCD1;G2M
ENSG00000096060;FKBP5;S+G2M
ENSG00000077800;FKBP6;G1
ENSG00000161791;FMNL3;G1
ENSG00000141560;FN3KRP;G2M
ENSG00000125798;FOXA2;G2M
ENSG00000171051;FPR1;G1
ENSG00000153303;FRMD1;S
ENSG00000126391;FRMD8;G2M
ENSG00000053108;FSTL4;G2M
ENSG00000089280;FUS;G2M
ENSG00000266964;FXYD1;S+G2M
ENSG00000105325;FZR1;G2M
ENSG00000151834;GABRA2;G2M
ENSG00000144644;GADL1;G2M
ENSG00000178950;GAK;G2M
ENSG00000175229;GAL3ST3;G2M
ENSG00000158089;GALNT14;G2M
ENSG00000128310;GALR3;G1
ENSG00000132139;GAS2L2;G2M
ENSG00000146729;GBAS;S+G2M
ENSG00000131979;GCH1;G2M
ENSG00000158555;GDPD5;S+G2M
ENSG00000141098;GFOD2;G2M
ENSG00000125861;GFRA4;G2M
ENSG00000171115;GIMAP8;G2M
ENSG00000131153;GINS2;S
ENSG00000147536;GINS4;G2M
ENSG00000139436;GIT2;G1
ENSG00000121743;GJA3;G1
ENSG00000121634;GJA8;G2M
ENSG00000183607;GKN2;G2M
ENSG00000174332;GLIS1;S
ENSG00000168237;GLYCTK;G2M
ENSG00000144591;GMPPA;G2M
ENSG00000127955;GNAI1;G1
ENSG00000125787;GNRH2;G2M
ENSG00000116580;GON4L;S
ENSG00000114745;GORASP1;G2M
ENSG00000179921;GPBAR1;G2M
ENSG00000182851;GPIHBP1;S+G2M
ENSG00000046653;GPM6B;G2M
ENSG00000165370;GPR101;G2M
ENSG00000153294;GPR115;G1
ENSG00000158292;GPR153;G2M
ENSG00000102195;GPR50;G2M
ENSG00000116157;GPX7;G1
ENSG00000141738;GRB7;G1
ENSG00000149403;GRIK4;G2M
ENSG00000124493;GRM4;G2M
ENSG00000244067;GSTA2;S+G2M
ENSG00000105793;GTPBP10;S+G2M
ENSG00000246705;H2AFJ;G2M
ENSG00000099284;H2AFY2;G2M
ENSG00000137814;HAUS2;G2M
ENSG00000092036;HAUS4;G2M
ENSG00000172534;HCFC1;G1
ENSG00000164588;HCN1;G1
ENSG00000100429;HDAC10;G2M
ENSG00000112406;HECA;G2M
ENSG00000069812;HES2;G2M
ENSG00000124440;HIF3A;G2M
ENSG00000181061;HIGD1A;G2M
ENSG00000180573;HIST1H2AC;S
ENSG00000184678;HIST2H2BE;G2M
ENSG00000160883;HK3;G2M
ENSG00000183624;HMCES;G2M
ENSG00000146151;HMGCLL1;G1
ENSG00000152413;HOMER1;G2M
ENSG00000171476;HOPX;G2M
ENSG00000135116;HRK;G2M
ENSG00000132541;HRSP12;S
ENSG00000153976;HS3ST3A1;G1
ENSG00000173110;HSPA6;G2M
ENSG00000170276;HSPB2;G2M
ENSG00000169271;HSPB3;G2M
ENSG00000133265;HSPBP1;G2M
ENSG00000188483;IER5L;G1
ENSG00000216490;IFI30;G2M
ENSG00000006652;IFRD1;G1
ENSG00000163913;IFT122;S
ENSG00000122970;IFT81;G1
ENSG00000104365;IKBKB;G2M
ENSG00000172349;IL16;G2M
ENSG00000016402;IL20RA;G1
ENSG00000104951;IL4I1;G2M
ENSG00000148798;INA;G1
ENSG00000149503;INCENP;G2M
ENSG00000168556;ING2;G2M
ENSG00000132376;INPP5K;G2M
ENSG00000140575;IQGAP1;G1
ENSG00000184216;IRAK1;G2M
ENSG00000168264;IRF2BP2;G2M
ENSG00000185507;IRF7;G2M
ENSG00000169047;IRS1;G2M
ENSG00000177508;IRX3;S+G2M
ENSG00000167930;ITFG3;G2M
ENSG00000161638;ITGA5;G1
ENSG00000091409;ITGA6;G1
ENSG00000135424;ITGA7;G2M
ENSG00000135916;ITM2C;G2M
ENSG00000100605;ITPK1;G1
ENSG00000096968;JAK2;G1
ENSG00000070495;JMJD6;G2M
ENSG00000143543;JTB;G2M
ENSG00000140854;KATNB1;G2M
ENSG00000182359;KBTBD3;G1
ENSG00000180509;KCNE1;G2M
ENSG00000140015;KCNH5;G1
ENSG00000123700;KCNJ2;G2M
ENSG00000080709;KCNN2;G2M
ENSG00000124134;KCNS1;G2M
ENSG00000100379;KCTD17;G2M
ENSG00000089094;KDM2B;G2M
ENSG00000131773;KHDRBS3;G1
ENSG00000164542;KIAA0895;G2M
ENSG00000164659;KIAA1324L;G1
ENSG00000138160;KIF11;G2M
ENSG00000136883;KIF12;G2M
ENSG00000197892;KIF13B;G2M
ENSG00000137807;KIF23;G2M
ENSG00000155980;KIF5A;G2M
ENSG00000164627;KIF6;G2M
ENSG00000167702;KIFC2;G2M
ENSG00000140859;KIFC3;G2M
ENSG00000104892;KLC3;G2M
ENSG00000003096;KLHL13;G2M
ENSG00000179454;KLHL28;G1
ENSG00000111796;KLRB1;G1
ENSG00000105663;KMT2B;G2M
ENSG00000147121;KRBOX4;G1
ENSG00000167768;KRT1;S+G2M
ENSG00000186081;KRT5;G2M
ENSG00000138136;LBX1;G1
ENSG00000135338;LCA5;G1
ENSG00000163202;LCE3D;S
ENSG00000136167;LCP1;G1
ENSG00000182541;LIMK2;G2M
ENSG00000189308;LIN54;G2M
ENSG00000115318;LOXL3;G2M
ENSG00000176454;LPCAT4;G1
ENSG00000134324;LPIN1;S+G2M
ENSG00000165379;LRFN5;G1
ENSG00000155530;LRGUK;G1
ENSG00000137821;LRRC49;S
ENSG00000108829;LRRC59;S+G2M
ENSG00000227507;LTB;G2M
ENSG00000176956;LY6H;S+G2M
ENSG00000178573;MAF;G2M
ENSG00000102316;MAGED2;G2M
ENSG00000135341;MAP3K7;G1
ENSG00000181085;MAPK15;G2M
ENSG00000121653;MAPK8IP1;S+G2M
ENSG00000114738;MAPKAPK3;G2M
ENSG00000136536;Mar.07;G1
ENSG00000204687;MAS1L;G2M
ENSG00000069020;MAST4;G2M
ENSG00000015479;MATR3;G1
ENSG00000134046;MBD2;G2M
ENSG00000204511;MCCD1;S
ENSG00000065328;MCM10;G2M
ENSG00000146701;MDH2;G2M
ENSG00000063322;MED29;S+G2M
ENSG00000141026;MED9;G2M
ENSG00000081189;MEF2C;G2M
ENSG00000111142;METAP2;G1
ENSG00000176624;MEX3C;S
ENSG00000102858;MGRN1;S
ENSG00000008394;MGST1;G2M
ENSG00000141741;MIEN1;G2M
ENSG00000116691;MIIP;G2M
ENSG00000158411;MITD1;G2M
ENSG00000196588;MKL1;G2M
ENSG00000178053;1,00 MLF;G1
ENSG00000087245;MMP2;G2M
ENSG00000106330;MOSPD3;G2M
ENSG00000129255;MPDU1;G2M
ENSG00000196199;MPHOSPH8;G2M
ENSG00000108852;MPP2;G1
ENSG00000197965;MPZL1;G2M
ENSG00000172172;MRPL13;G2M
ENSG00000130312;MRPL34;G2M
ENSG00000198015;MRPL42;G1
ENSG00000162910;MRPL55;G2M
ENSG00000048544;MRPS10;G2M
ENSG00000125901;MRPS26;S
ENSG00000074071;MRPS34;G2M
ENSG00000116062;MSH6;G2M
ENSG00000134602;MST4;G2M
ENSG00000146410;MTFR2;G1
ENSG00000063601;MTMR1;G1
ENSG00000101057;MYBL2;G2M
ENSG00000136449;MYCBPAP;G2M
ENSG00000134323;MYCN;G2M
ENSG00000109063;MYH3;G2M
ENSG00000133454;MYO18B;G1
ENSG00000142347;MYO1F;S
ENSG00000071909;MYO3B;S
ENSG00000138119;MYOF;G2M
ENSG00000177791;MYOZ1;G2M
ENSG00000156239;N6AMT1;G1
ENSG00000128534;NAA38;S+G2M
ENSG00000104490;NCALD;S+G2M
ENSG00000124151;NCOA3;G1
ENSG00000196498;NCOR2;G2M
ENSG00000162736;NCSTN;G2M
ENSG00000183648;NDUFB1;G2M
ENSG00000188986;NELFB;G2M
ENSG00000196712;NF1;G1
ENSG00000102908;NFAT5;G1
ENSG00000165030;NFIL3;G1
ENSG00000100906;NFKBIA;G2M
ENSG00000104825;NFKBIB;S
ENSG00000146232;NFKBIE;G2M
ENSG00000144802;NFKBIZ;G2M
ENSG00000084628;NKAIN1;S
ENSG00000189134;NKAPL;G1
ENSG00000171487;NLRP5;G1
ENSG00000162408;NOL9;G2M
ENSG00000196943;NOP9;G1
ENSG00000142546;NOSIP;S+G2M
ENSG00000144061;NPHP1;G2M
ENSG00000131910;NR0B2;G2M
ENSG00000131408;NR1H2;S+G2M
ENSG00000153234;NR4A2;G2M
ENSG00000154146;NRGN;G1
ENSG00000073969;NSF;G2M
ENSG00000169189;NSMCE1;G2M
ENSG00000107672;NSMCE4A;G2M
ENSG00000140538;NTRK3;G1
ENSG00000170917;NUDT6;G1
ENSG00000167799;NUDT8;G2M
ENSG00000184507;NUTM1;G2M
ENSG00000182575;NXPH3;G1
ENSG00000171102;OBP2B;G1
ENSG00000135336;ORC3;G2M
ENSG00000085465;OVGP1;G1
ENSG00000151093;OXSM;G2M
ENSG00000187848;P2RX2;G2M
ENSG00000083454;P2RX5;G1
ENSG00000100266;PACSIN2;G2M
ENSG00000234068;PAGE2;G2M
ENSG00000180370;PAK2;G1
ENSG00000137843;PAK6;G2M
ENSG00000120137;PANK3;G1
ENSG00000148832;PAOX;S+G2M
ENSG00000173193;PARP14;G2M
ENSG00000138496;PARP9;G2M
ENSG00000138964;PARVG;S+G2M
ENSG00000123360;PDE1B;G2M
ENSG00000184588;PDE4B;S+G2M
ENSG00000197461;PDGFA;G2M
ENSG00000133401;PDZD2;G2M
ENSG00000124299;PEPD;G2M
ENSG00000109272;PF4V1;G1
ENSG00000113068;PFDN1;G2M
ENSG00000108518;PFN1;G2M
ENSG00000176732;PFN4;S
ENSG00000256713;PGA5;G2M
ENSG00000148985;PGAP2;G2M
ENSG00000182405;PGBD4;G2M
ENSG00000112419;PHACTR2;G2M
ENSG00000019144;PHLDB1;G2M
ENSG00000140451;PIF1;G2M
ENSG00000173947;PIFO;G2M
ENSG00000151665;PIGF;G1
ENSG00000110697;PITPNM1;S+G2M
ENSG00000144837;PLA1A;S
ENSG00000100078;PLA2G3;G2M
ENSG00000149782;PLCB3;G2M
ENSG00000138193;PLCE1;G2M
ENSG00000148735;PLEKHS1;G2M
ENSG00000105355;PLIN3;G2M
ENSG00000166851;PLK1;G2M
ENSG00000188313;PLSCR1;G1
ENSG00000114554;PLXNA1;G2M
ENSG00000203837;PNLIPRP3;G2M
ENSG00000141744;PNMT;G2M
ENSG00000114631;PODXL2;S
ENSG00000101868;POLA1;S
ENSG00000100479;POLE2;S
ENSG00000166169;POLL;S
ENSG00000099817;POLR2E;G2M
ENSG00000115138;POMC;G2M
ENSG00000185900;POMK;G2M
ENSG00000005421;PON1;G2M
ENSG00000121577;POPDC2;G2M
ENSG00000143190;POU2F1;S+G2M
ENSG00000177380;PPFIA3;G2M
ENSG00000110841;PPFIBP1;G2M
ENSG00000171960;PPIH;G2M
ENSG00000213639;PPP1CB;G2M
ENSG00000167641;PPP1R14A;G2M
ENSG00000162148;PPP1R32;G2M
ENSG00000049769;PPP1R3F;G2M
ENSG00000113575;PPP2CA;S+G2M
ENSG00000198901;PRC1;G2M
ENSG00000130711;PRDM12;G2M
ENSG00000108946;PRKAR1A;S+G2M
ENSG00000166501;PRKCB;G2M
ENSG00000105287;PRKD2;G2M
ENSG00000185532;PRKG1;G2M
ENSG00000148426;PROSER2;G2M
ENSG00000116132;PRRX1;G1
ENSG00000206549;PRSS50;G2M
ENSG00000052344;PRSS8;G2M
ENSG00000159792;PSKH1;G2M
ENSG00000100567;PSMA3;G2M
ENSG00000136930;PSMB7;G2M
ENSG00000168229;PTGDR;G1
ENSG00000108825;PTGES3L-AARSD1;S+G2M
ENSG00000106853;PTGR1;G2M
ENSG00000187514;PTMA;G2M
ENSG00000104960;PTOV1;G2M
ENSG00000179295;PTPN11;G2M
ENSG00000163629;PTPN13;G1
ENSG00000100362;PVALB;G2M
ENSG00000103769;RAB11A;S
ENSG00000157869;RAB28;G2M
ENSG00000105649;RAB3A;G2M
ENSG00000152061;RABGAP1L;G2M
ENSG00000161800;RACGAP1;G2M
ENSG00000152942;RAD17;G1
ENSG00000179262;RAD23A;G2M
ENSG00000131477;RAMP2;S
ENSG00000164188;RANBP3L;G2M
ENSG00000010017;RANBP9;G1
ENSG00000138670;RASGEF1B;G1
ENSG00000102054;RBBP7;G1
ENSG00000130701;RBBP8NL;G2M
ENSG00000185272;RBM11;G1
ENSG00000163694;RBM47;G1
ENSG00000100918;REC8;G1
ENSG00000132563;REEP2;G2M
ENSG00000168476;REEP4;G2M
ENSG00000143954;REG3G;S
ENSG00000104856;RELB;G1
ENSG00000054967;RELT;G2M
ENSG00000042445;RETSAT;G1
ENSG00000049541;RFC2;G2M
ENSG00000175449;RFESD;G1
ENSG00000237441;RGL2;G2M
ENSG00000169220;RGS14;G2M
ENSG00000171700;RGS19;G2M
ENSG00000177181;RIMKLA;G2M
ENSG00000137275;RIPK1;G2M
ENSG00000125352;RNF113A;G2M
ENSG00000082996;RNF13;G2M
ENSG00000170153;RNF150;G1
ENSG00000165188;RNF183;S
ENSG00000138942;RNF185;G2M
ENSG00000116514;RNF19B;G2M
ENSG00000092098;RNF31;S+G2M
ENSG00000205937;RNPS1;S+G2M
ENSG00000065371;ROPN1;G2M
ENSG00000143365;RORC;G1
ENSG00000132383;RPA1;S+G2M
ENSG00000101413;RPRD1B;G1
ENSG00000110700;RPS13;G2M
ENSG00000140988;RPS2;S
ENSG00000008988;RPS20;G2M
ENSG00000138326;RPS24;S
ENSG00000185088;RPS27L;S+G2M
ENSG00000162302;RPS6KA4;G2M
ENSG00000133818;RRAS2;G2M
ENSG00000167325;RRM1;S
ENSG00000171848;RRM2;S
ENSG00000143303;RRNAD1;G2M
ENSG00000171490;RSL1D1;G2M
ENSG00000132026;RTBDN;G2M
ENSG00000189334;S100A14;G2M
ENSG00000100583;SAMD15;G2M
ENSG00000244486;SCARF2;G2M
ENSG00000196876;SCN8A;G2M
ENSG00000140612;SEC11A;G1
ENSG00000157020;SEC13;G1
ENSG00000058262;SEC61A1;S+G2M
ENSG00000091490;SEL1L3;G2M
ENSG00000174175;SELP;G2M
ENSG00000112701;SENP6;S
ENSG00000162430;SEPN1;G2M
ENSG00000125354;Sep.06;G2M
ENSG00000167711;SERPINF2;G2M
ENSG00000197417;SHPK;G2M
ENSG00000146950;SHROOM2;G2M
ENSG00000185187;SIGIRR;G2M
ENSG00000187531;SIRT7;G1
ENSG00000145604;SKP2;G2M
ENSG00000101082;SLA2;G2M
ENSG00000163950;SLBP;S
ENSG00000081800;SLC13A1;G2M
ENSG00000141526;SLC16A3;S+G2M
ENSG00000110628;SLC22A18;G2M
ENSG00000125454;SLC25A19;G2M
ENSG00000013306;SLC25A39;S+G2M
ENSG00000075303;SLC25A40;G1
ENSG00000156222;SLC28A1;G2M
ENSG00000121073;SLC35B1;G1
ENSG00000017483;SLC38A5;G2M
ENSG00000158865;SLC5A11;G1
ENSG00000117834;SLC5A9;G1
ENSG00000108576;SLC6A4;G2M
ENSG00000003989;SLC7A2;G2M
ENSG00000103064;SLC7A6;G1
ENSG00000103061;SLC7A6OS;S+G2M
ENSG00000065054;SLC9A3R2;G2M
ENSG00000188827;SLX4;S+G2M
ENSG00000170365;SMAD1;S
ENSG00000127616;SMARCA4;G2M
ENSG00000066117;SMARCD1;S
ENSG00000166311;SMPD1;S+G2M
ENSG00000198742;SMURF1;G1
ENSG00000185420;SMYD3;G1
ENSG00000125835;SNRPB;G2M
ENSG00000112335;SNX3;G2M
ENSG00000185338;SOCS1;G2M
ENSG00000120896;SORBS3;G2M
ENSG00000189120;SP6;S+G2M
ENSG00000169682;SPNS1;G2M
ENSG00000144228;SPOPL;G1
ENSG00000100596;SPTLC2;G1
ENSG00000174780;SRP72;G2M
ENSG00000112081;SRSF3;G2M
ENSG00000008324;SS18L2;S+G2M
ENSG00000144057;ST6GAL2;G1
ENSG00000117069;ST6GALNAC5;G1
ENSG00000140557;ST8SIA2;G2M
ENSG00000185482;STAC3;G2M
ENSG00000166888;STAT6;G2M
ENSG00000204344;STK19;G2M
ENSG00000125834;STK35;G1
ENSG00000211455;STK38L;G1
ENSG00000104915;STX10;G2M
ENSG00000166900;STX3;G1
ENSG00000137573;SULF1;G2M
ENSG00000078269;SYNJ2;S+G2M
ENSG00000129990;SYT5;G2M
ENSG00000006128;TAC1;G2M
ENSG00000115353;TACR1;G2M
ENSG00000059588;TARBP1;G1
ENSG00000113407;TARS;S+G2M
ENSG00000171530;TBCA;G1
ENSG00000145348;TBCK;G2M
ENSG00000196507;TCEAL3;G2M
ENSG00000011007;TCEB3;G1
ENSG00000125878;TCF15;G2M
ENSG00000152284;TCF7L1;S
ENSG00000074219;TEAD2;G2M
ENSG00000163060;TEKT4;G2M
ENSG00000168769;TET2;G2M
ENSG00000151287;TEX30;G1
ENSG00000137203;TFAP2A;G2M
ENSG00000198176;TFDP1;S
ENSG00000114126;TFDP2;G1
ENSG00000041988;THAP3;G2M
ENSG00000176946;THAP4;G2M
ENSG00000161277;THAP8;G2M
ENSG00000178726;THBD;G1
ENSG00000105549;THEG;G2M
ENSG00000099800;TIMM13;G2M
ENSG00000196781;TLE1;G2M
ENSG00000166069;TMCO5A;S+G2M
ENSG00000099203;TMED1;G1
ENSG00000086598;TMED2;S+G2M
ENSG00000164124;TMEM144;G2M
ENSG00000170006;TMEM154;S+G2M
ENSG00000249992;TMEM158;S
ENSG00000130748;TMEM160;G2M
ENSG00000152128;TMEM163;G1
ENSG00000127419;TMEM175;G2M
ENSG00000198792;TMEM184B;G2M
ENSG00000072954;TMEM38A;S
ENSG00000152078;TMEM56;G2M
ENSG00000151117;TMEM86A;G2M
ENSG00000167105;TMEM92;S
ENSG00000118503;TNFAIP3;G2M
ENSG00000127863;TNFRSF19;G1
ENSG00000145901;TNIP1;G2M
ENSG00000159173;TNNI1;G2M
ENSG00000160949;TONSL;G2M
ENSG00000184428;TOP1MT;G1
ENSG00000100038;TOP3B;G2M
ENSG00000186283;TOR3A;G2M
ENSG00000088325;TPX2;G2M
ENSG00000204104;TRAF3IP1;G2M
ENSG00000170893;TRH;G1
ENSG00000154370;TRIM11;G1
ENSG00000099899;TRMT2A;G1
ENSG00000011105;TSPAN9;G2M
ENSG00000068724;TTC7A;G2M
ENSG00000170703;TTLL6;G1
ENSG00000167614;TTYH1;G2M
ENSG00000198033;TUBA3C;G2M
ENSG00000152086;TUBA3E;G2M
ENSG00000104833;TUBB4A;G2M
ENSG00000176014;TUBB6;G2M
ENSG00000175106;TVP23C;G2M
ENSG00000161265;U2AF1L4;G1
ENSG00000063244;U2AF2;S
ENSG00000197355;UAP1L1;G2M
ENSG00000150991;UBC;G2M
ENSG00000177414;UBE2U;G2M
ENSG00000162191;UBXN1;G2M
ENSG00000154277;UCHL1;G2M
ENSG00000014123;UFL1;G2M
ENSG00000240224;UGT1A5;G1
ENSG00000168671;UGT3A2;G2M
ENSG00000107731;UNC5B;G1
ENSG00000182168;UNC5C;G2M
ENSG00000005007;UPF1;G2M
ENSG00000243566;UPK3B;G2M
ENSG00000101019;UQCC1;G2M
ENSG00000182040;USH1G;G2M
ENSG00000108651;UTP6;G2M
ENSG00000114812;VIPR1;G1
ENSG00000215305;VPS16;G2M
ENSG00000133316;WDR74;G2M
ENSG00000166483;WEE1;S
ENSG00000103175;WFDC1;G2M
ENSG00000168703;WFDC12;G2M
ENSG00000070540;WIPI1;G2M
ENSG00000168334;XIRP1;G2M
ENSG00000221947;XKR9;G2M
ENSG00000015532;XYLT2;G2M
ENSG00000137207;YIPF3;G2M
ENSG00000136758;YME1L1;G1
ENSG00000204366;ZBTB12;G2M
ENSG00000160446;ZDHHC12;S
ENSG00000175893;ZDHHC21;G2M
ENSG00000020256;ZFP64;G2M
ENSG00000186660;ZFP91;G1
ENSG00000096654;ZNF184;G1
ENSG00000165512;ZNF22;S
ENSG00000167380;ZNF226;G1
ENSG00000171295;ZNF440;S+G2M
ENSG00000124459;ZNF45;G1
ENSG00000124444;ZNF576;G2M
ENSG00000172748;ZNF596;G1
ENSG00000167528;ZNF641;G1
ENSG00000176083;ZNF683;G1
ENSG00000065029;ZNF76;G1
ENSG00000169951;ZNF764;G2M
ENSG00000176371;ZSCAN2;G2M
ENSG00000110200;ANAPC15;checkpoint
ENSG00000134982;APC;checkpoint
ENSG00000116017;ARID3A;checkpoint
ENSG00000115966;ATF2;checkpoint
ENSG00000149311;ATM;checkpoint
ENSG00000175054;ATR;checkpoint
ENSG00000164053;ATRIP;checkpoint
ENSG00000087586;AURKA;checkpoint
ENSG00000178999;AURKB;checkpoint
ENSG00000105393;BABAM1;checkpoint
ENSG00000087088;BAX;checkpoint
ENSG00000171552;BCL2L1;checkpoint
ENSG00000197299;BLM;checkpoint
ENSG00000012048;BRCA1;checkpoint
ENSG00000185515;BRCC3;checkpoint
ENSG00000158019;BRE;checkpoint
ENSG00000136492;BRIP1;checkpoint
ENSG00000160469;BRSK1;checkpoint
ENSG00000159388;BTG2;checkpoint
ENSG00000169679;BUB1;checkpoint
ENSG00000156970;BUB1B;checkpoint
ENSG00000154473;BUB3;checkpoint
ENSG00000161010;C5orf45;checkpoint
ENSG00000142453;CARM1;checkpoint
ENSG00000106144;CASP2;checkpoint
ENSG00000158941;CCAR2;checkpoint
ENSG00000134057;CCNB1;checkpoint
ENSG00000110092;CCND1;checkpoint
ENSG00000081377;CDC14B;checkpoint
ENSG00000158402;CDC25C;checkpoint
ENSG00000093009;CDC45;checkpoint
ENSG00000096401;CDC5L;checkpoint
ENSG00000094804;CDC6;checkpoint
ENSG00000170312;CDK1;checkpoint
ENSG00000123374;CDK2;checkpoint
ENSG00000136861;CDK5RAP2;checkpoint
ENSG00000108465;CDK5RAP3;checkpoint
ENSG00000124762;CDKN1A;checkpoint
ENSG00000111276;CDKN1B;checkpoint
ENSG00000147883;CDKN2B;checkpoint
ENSG00000167513;CDT1;checkpoint
ENSG00000117724;CENPF;checkpoint
ENSG00000151849;CENPJ;checkpoint
ENSG00000182923;CEP63;checkpoint
ENSG00000149554;CHEK1;checkpoint
ENSG00000183765;CHEK2;checkpoint
ENSG00000072609;CHFR;checkpoint
ENSG00000164695;CHMP4C;checkpoint
ENSG00000134852;CLOCK;checkpoint
ENSG00000092853;CLSPN;checkpoint
ENSG00000125107;CNOT1;checkpoint
ENSG00000182973;CNOT10;checkpoint
ENSG00000158435;CNOT11;checkpoint
ENSG00000111596;CNOT2;checkpoint
ENSG00000088038;CNOT3;checkpoint
ENSG00000080802;CNOT4;checkpoint
ENSG00000113300;CNOT6;checkpoint
ENSG00000138767;CNOT6L;checkpoint
ENSG00000198791;CNOT7;checkpoint
ENSG00000155508;CNOT8;checkpoint
ENSG00000169372;CRADD;checkpoint
ENSG00000008405;CRY1;checkpoint
ENSG00000139842;CUL4A;checkpoint
ENSG00000118655;DCLRE1B;checkpoint
ENSG00000198563;DDX39B;checkpoint
ENSG00000075711;DLG1;checkpoint
ENSG00000159147;DONSON;checkpoint
ENSG00000104885;DOT1L;checkpoint
ENSG00000143476;DTL;checkpoint
ENSG00000120129;DUSP1;checkpoint
ENSG00000144635;DYNC1LI1;checkpoint
ENSG00000101412;E2F1;checkpoint
ENSG00000205250;E2F4;checkpoint
ENSG00000165891;E2F7;checkpoint
ENSG00000129173;E2F8;checkpoint
ENSG00000128829;EIF2AK4;checkpoint
ENSG00000154920;EME1;checkpoint
ENSG00000197774;EME2;checkpoint
ENSG00000100393;EP300;checkpoint
ENSG00000143971;ETAA1;checkpoint
ENSG00000163322;FAM175A;checkpoint
ENSG00000140525;FANCI;checkpoint
ENSG00000103264;FBXO31;checkpoint
ENSG00000151876;FBXO4;checkpoint
ENSG00000116663;FBXO6;checkpoint
ENSG00000169018;FEM1B;checkpoint
ENSG00000053254;FOXN3;checkpoint
ENSG00000184481;FOXO4;checkpoint
ENSG00000105325;FZR1;checkpoint
ENSG00000116717;GADD45A;checkpoint
ENSG00000178295;GEN1;checkpoint
ENSG00000204120;GIGYF2;checkpoint
ENSG00000105373;GLTSCR2;checkpoint
ENSG00000104499;GML;checkpoint
ENSG00000075218;GTSE1;checkpoint
ENSG00000188486;H2AFX;checkpoint
ENSG00000172273;HINFP;checkpoint
ENSG00000149948;HMGA2;checkpoint
ENSG00000143452;HORMAD1;checkpoint
ENSG00000174775;HRAS;checkpoint
ENSG00000136273;HUS1;checkpoint
ENSG00000188996;HUS1B;checkpoint
ENSG00000113141;IK;checkpoint
ENSG00000143624;INTS3;checkpoint
ENSG00000143493;INTS7;checkpoint
ENSG00000099910;KLHL22;checkpoint
ENSG00000184445;KNTC1;checkpoint
ENSG00000205629;LCMT1;checkpoint
ENSG00000002822;MAD1L1;checkpoint
ENSG00000164109;MAD2L1;checkpoint
ENSG00000124688;MAD2L1BP;checkpoint
ENSG00000116670;MAD2L2;checkpoint
ENSG00000112062;MAPK14;checkpoint
ENSG00000137337;1,00 MDC;checkpoint
ENSG00000135679;MDM2;checkpoint
ENSG00000198625;MDM4;checkpoint
ENSG00000020922;MRE11A;checkpoint
ENSG00000095002;MSH2;checkpoint
ENSG00000185499;MUC1;checkpoint
ENSG00000172732;MUS81;checkpoint
ENSG00000173559;NABP1;checkpoint
ENSG00000139579;NABP2;checkpoint
ENSG00000159593;NAE1;checkpoint
ENSG00000104320;NBN;checkpoint
ENSG00000080986;NDC80;checkpoint
ENSG00000104419;NDRG1;checkpoint
ENSG00000114670;NEK11;checkpoint
ENSG00000181163;NPM1;checkpoint
ENSG00000037474;NSUN2;checkpoint
ENSG00000149716;ORAOV1;checkpoint
ENSG00000090097;PCBP4;checkpoint
ENSG00000126226;PCID2;checkpoint
ENSG00000132646;PCNA;checkpoint
ENSG00000162734;PEA15;checkpoint
ENSG00000177595;PIDD;checkpoint
ENSG00000118495;PLAGL1;checkpoint
ENSG00000166851;PLK1;checkpoint
ENSG00000145632;PLK2;checkpoint
ENSG00000173846;PLK3;checkpoint
ENSG00000140464;PML;checkpoint
ENSG00000204569;PPP1R10;checkpoint
ENSG00000143294;PRCC;checkpoint
ENSG00000126457;PRMT1;checkpoint
ENSG00000117707;PROX1;checkpoint
ENSG00000110107;PRPF19;checkpoint
ENSG00000128789;PSMG2;checkpoint
ENSG00000179295;PTPN11;checkpoint
ENSG00000113456;RAD1;checkpoint
ENSG00000152942;RAD17;checkpoint
ENSG00000172613;RAD9A;checkpoint
ENSG00000151164;RAD9B;checkpoint
ENSG00000139687;RB1;checkpoint
ENSG00000101773;RBBP8;checkpoint
ENSG00000103479;RBL2;checkpoint
ENSG00000168411;RFWD3;checkpoint
ENSG00000102760;RGCC;checkpoint
ENSG00000171792;RHNO1;checkpoint
ENSG00000135249;RINT1;checkpoint
ENSG00000136104;RNASEH2B;checkpoint
ENSG00000117748;RPA2;checkpoint
ENSG00000204086;RPA4;checkpoint
ENSG00000161970;RPL26;checkpoint
ENSG00000143947;RPS27A;checkpoint
ENSG00000185088;RPS27L;checkpoint
ENSG00000137154;RPS6;checkpoint
ENSG00000144580;RQCD1;checkpoint
ENSG00000170364;SETMAR;checkpoint
ENSG00000175793;SFN;checkpoint
ENSG00000176887;SOX11;checkpoint
ENSG00000124766;SOX4;checkpoint
ENSG00000040275;SPDL1;checkpoint
ENSG00000104375;STK3;checkpoint
ENSG00000101109;STK4;checkpoint
ENSG00000117614;SYF2;checkpoint
ENSG00000160551;TAOK1;checkpoint
ENSG00000149930;TAOK2;checkpoint
ENSG00000135090;TAOK3;checkpoint
ENSG00000121101;TEX14;checkpoint
ENSG00000198176;TFDP1;checkpoint
ENSG00000114126;TFDP2;checkpoint
ENSG00000105329;TGFB1;checkpoint
ENSG00000079134;THOC1;checkpoint
ENSG00000100296;THOC5;checkpoint
ENSG00000140534;TICRR;checkpoint
ENSG00000111602;TIMELESS;checkpoint
ENSG00000075131;TIPIN;checkpoint
ENSG00000143155;TIPRL;checkpoint
ENSG00000149115;TNKS1BP1;checkpoint
ENSG00000131747;TOP2A;checkpoint
ENSG00000077097;TOP2B;checkpoint
ENSG00000163781;TOPBP1;checkpoint
ENSG00000141510;TP53;checkpoint
ENSG00000067369;TP53BP1;checkpoint
ENSG00000073282;TP63;checkpoint
ENSG00000078900;TP73;checkpoint
ENSG00000047410;TPR;checkpoint
ENSG00000170855;TRIAP1;checkpoint
ENSG00000071539;TRIP13;checkpoint
ENSG00000112742;TTK;checkpoint
ENSG00000221983;UBA52;checkpoint
ENSG00000170315;UBB;checkpoint
ENSG00000150991;UBC;checkpoint
ENSG00000087206;UIMC1;checkpoint
ENSG00000223443;USP17L2;checkpoint
ENSG00000048028;USP28;checkpoint
ENSG00000136014;USP44;checkpoint
ENSG00000132612;VPS4A;checkpoint
ENSG00000095787;WAC;checkpoint
ENSG00000092470;WDR76;checkpoint
ENSG00000143816;WNT9A;checkpoint
ENSG00000154767;XPC;checkpoint
ENSG00000126215;XRCC3;checkpoint
ENSG00000166140;ZFYVE19;checkpoint
ENSG00000010244;ZNF207;checkpoint
ENSG00000161642;ZNF385A;checkpoint
ENSG00000198783;ZNF830;checkpoint
ENSG00000086827;ZW10;checkpoint
ENSG00000174442;ZWILCH;checkpoint
ENSG00000122952;ZWINT;checkpoint